crow_,062a6ae8-8efe-369e-8b0a-1f75d473b092
wazzzzuppppp,88589b1f-bbf3-34e0-8ad1-a0063bc63919
jonb,144d7948-44cd-3988-a094-f927b36c66e2
hee,20330b22-b5f9-319c-ba8e-5e62c316a527
kkk,d7574d86-406a-3f5c-824e-757db38efc36
pumpkineater1234,d54feb2c-fb4b-3b33-ba5f-7bddeaf41c55
itwasjohnbunban,43742493-e2cf-3514-bd68-36454ef84c28
thunderstruck342,bd767234-c764-3c92-aff6-2cdf626a042a
viggyeeish121,d83f4d04-20e9-337e-9135-e24754eee746
sussy_tyler,8534afe0-f910-3660-99b5-99947dd2bcdc
buff_steve,5c091534-053c-3be1-a421-ff5cfd3f52eb
temmie,a4d3cca3-b971-3a6e-b033-165464f49a48
yeeishdeev951,d047f903-17e5-3f21-bcaa-a197e372bf80
marcel,3d820120-3dd9-37d5-9dfd-b32f6d51b4e0
pigman_jeff596,0d1a91bf-4a0f-34e7-b74e-5e466be4ead3
rain,bda10c42-a6cf-3089-91c0-e76811c77272
pigmanisnotme,01308f77-2ef6-3f72-9543-fb373e43def4
viggyeeg139,774963ad-831d-366c-9c06-2f136df1f5d6
curiosity,4462ed9e-e071-3c29-979e-835956e35dc6
dpm_dj,cc4a80b1-fc27-3850-a2e5-33c69b6171d8
penis_licker,eb4a70ff-bd5b-3345-9a40-4b2c5b898369
yeeishyeeish368,85f6d6f6-bd07-32a2-b29a-d8490bceb257
yeegyeeish808,fc5c0c47-bfb9-39d9-905f-17e26eb552ea
itdidnotgreif,1bcf9444-1328-3627-8b6a-abb2cb696a09
marcel_,20dae5e0-abed-3add-9aa4-abf3c54d37ad
crow,b5c66319-8aa0-3511-a1ba-44a409c40fbc
creeper,3ecf04f9-746c-3134-b5eb-dd677beb6559
awakeflood,8a9c3029-49d0-3432-b054-064bcbb25f2f
poppyseeds,645ace39-7206-360a-a2ba-a1dd733a8ad0
walterinnocent,039414b3-54a0-3d03-8dee-23432a84aaab
p2nc,47fc5983-dbd9-3ec8-bf51-4fa64d8336ca
spammyton,8b6cf64b-5e71-3bfa-8242-ede60548bcd7
bruh,2c5ff0b3-c5b5-340f-8d81-860f9c5fca54
bradg,f564c9ba-9009-3db7-9582-5229743ffd72
aydin_is_homo,9da0559a-73f8-3297-90f2-3a97db070ab5
walterhartwell,1101c5e9-0c18-3535-bae0-e0ad92a400a8
darveryeeish316,94e08b79-8a4f-37d4-9ad9-098fd2a5d1f5
andrew_a_pussy,b65ad830-f109-3d3f-bd18-011e261908f1
pig_jeffery,56d8ba66-804a-3430-a9de-d361c4b404de
bonelesspizza,3ecd7608-9408-3ff1-b42e-e38529c3abb2
jokerf,bc164a7a-5584-3e97-904e-b4372b890b5d
walter,7e195abb-680d-3136-b047-4ab772cc8ebb
johngaveittome,415ffaf2-078f-3ee2-be46-d182e9b0cee0
freewalter,7c2658ed-8bf4-35ae-8da1-8621da6ccebc
sussy_barrney,600cc78d-3594-3448-a256-319189884fe1
pig_jeff,3a1be910-0da8-3353-8d01-861f2bfcd365
temmie_grad_,4f6bdc7b-6c80-3873-8c41-162fe9d77b3a
temmie_grad,fe010f62-a891-3285-b764-19dcfe2fdd0d
unbanwalter,e2b9d5c8-0578-377e-bc49-8e1a6f7e66ac
joker,e2d14508-6d9c-3d94-b7e8-9679ddd2b5e0
itzbionicz,7cf52066-336d-3fe2-b578-f257bf37873f
wall,b9493a83-350c-382e-ab32-79519a949f3c
___,3aa10d45-6372-352e-b9af-2eba497ed912
